emoji,unicode,r,g,b,hex_color
"😀",128512,227,149,116,"#e39574"
"😃",128515,217,139,107,"#d98b6b"
"😄",128516,227,142,94,"#e38e5e"
"😁",128513,236,174,119,"#ecae77"
"😆",128518,221,132,100,"#dd8464"
"😅",128517,214,134,102,"#d68666"
"🤣",129315,206,130,115,"#ce8273"
"😂",128514,208,136,113,"#d08871"
"🙂",128578,237,176,98,"#edb062"
"🙃",128579,236,178,100,"#ecb264"
"🫠",129760,240,175,95,"#f0af5f"
"😉",128521,224,161,82,"#e0a152"
"😊",128522,233,162,77,"#e9a24d"
"😇",128519,201,151,106,"#c9976a"
"🥰",129392,230,135,86,"#e68756"
"😍",128525,228,100,105,"#e46469"
"🤩",129321,215,106,118,"#d76a76"
"😘",128536,225,150,85,"#e19655"
"😗",128535,229,166,88,"#e5a658"
"☺",9786,0,0,0,"#000000"
"😚",128538,229,159,77,"#e59f4d"
"😙",128537,235,166,74,"#eba64a"
"🥲",129394,222,164,94,"#dea45e"
"😋",128523,230,155,76,"#e69b4c"
"😛",128539,231,154,102,"#e79a66"
"😜",128540,235,156,96,"#eb9c60"
"🤪",129322,232,146,125,"#e8927d"
"😝",128541,235,152,88,"#eb9858"
"🤑",129297,204,159,90,"#cc9f5a"
"🤗",129303,232,162,71,"#e8a247"
"🤭",129325,238,169,74,"#eea94a"
"🫢",129762,238,180,93,"#eeb45d"
"🫣",129763,240,170,81,"#f0aa51"
"🤫",129323,240,180,99,"#f0b463"
"🤔",129300,232,173,92,"#e8ad5c"
"🫡",129761,236,172,91,"#ecac5b"
"🤐",129296,239,182,133,"#efb685"
"🤨",129320,237,176,98,"#edb062"
"😐",128528,236,175,99,"#ecaf63"
"😑",128529,239,169,75,"#efa94b"
"😶",128566,245,183,101,"#f5b765"
"🫥",129765,235,164,132,"#eba484"
"🌫",127787,0,0,0,"#000000"
"😏",128527,236,172,90,"#ecac5a"
"😒",128530,236,173,91,"#ecad5b"
"🙄",128580,240,182,105,"#f0b669"
"😬",128556,239,181,126,"#efb57e"
"😮",128558,235,162,111,"#eba26f"
"💨",128168,211,200,225,"#d3c8e1"
"🤥",129317,239,174,102,"#efae66"
"🫨",129768,236,173,111,"#ecad6f"
"😌",128524,232,164,74,"#e8a44a"
"😔",128532,233,164,75,"#e9a44b"
"😪",128554,224,156,89,"#e09c59"
"🤤",129316,220,149,92,"#dc955c"
"😴",128564,222,163,91,"#dea35b"
"😷",128567,229,174,132,"#e5ae84"
"🤒",129298,224,157,97,"#e09d61"
"🤕",129301,222,173,133,"#dead85"
"🤢",129314,95,191,148,"#5fbf94"
"🤮",129326,194,170,89,"#c2aa59"
"🤧",129319,233,176,110,"#e9b06e"
"🥵",129397,212,124,111,"#d47c6f"
"🥶",129398,181,178,235,"#b5b2eb"
"🥴",129396,222,163,86,"#dea356"
"😵",128565,228,151,81,"#e49751"
"🤯",129327,228,183,139,"#e4b78b"
"🤠",129312,192,116,99,"#c07463"
"🥳",129395,200,149,111,"#c8956f"
"🥸",129400,167,123,97,"#a77b61"
"😎",128526,174,118,91,"#ae765b"
"🤓",129299,208,145,109,"#d0916d"
"🧐",129488,211,152,100,"#d39864"
"😕",128533,240,178,106,"#f0b26a"
"🫤",129764,239,178,106,"#efb26a"
"😟",128543,231,171,102,"#e7ab66"
"🙁",128577,236,174,98,"#ecae62"
"☹",9785,0,0,0,"#000000"
"😯",128559,235,169,105,"#eba969"
"😲",128562,234,169,107,"#eaa96b"
"😳",128563,235,171,104,"#ebab68"
"🥺",129402,217,156,86,"#d99c56"
"🥹",129401,209,151,87,"#d19757"
"😦",128550,240,171,108,"#f0ab6c"
"😧",128551,233,163,108,"#e9a36c"
"😨",128552,188,148,148,"#bc9494"
"😰",128560,177,153,156,"#b1999c"
"😥",128549,219,167,111,"#dba76f"
"😢",128546,225,170,104,"#e1aa68"
"😭",128557,187,139,135,"#bb8b87"
"😱",128561,210,174,139,"#d2ae8b"
"😖",128534,223,156,75,"#df9c4b"
"😣",128547,228,158,74,"#e49e4a"
"😞",128542,234,164,75,"#eaa44b"
"😓",128531,219,158,91,"#db9e5b"
"😩",128553,226,137,92,"#e2895c"
"😫",128555,221,135,92,"#dd875c"
"🥱",129393,234,163,74,"#eaa34a"
"😤",128548,231,178,132,"#e7b284"
"😡",128545,216,95,100,"#d85f64"
"😠",128544,230,173,100,"#e6ad64"
"🤬",129324,194,101,108,"#c2656c"
"😈",128520,166,100,198,"#a664c6"
"👿",128127,166,100,198,"#a664c6"
"💀",128128,193,178,195,"#c1b2c3"
"☠",9760,0,0,0,"#000000"
"💩",128169,168,111,114,"#a86f72"
"🤡",129313,213,147,191,"#d593bf"
"👹",128121,155,71,114,"#9b4772"
"👺",128122,208,74,114,"#d04a72"
"👻",128123,223,192,217,"#dfc0d9"
"👽",128125,116,180,107,"#74b46b"
"👾",128126,111,90,161,"#6f5aa1"
"🤖",129302,169,130,161,"#a982a1"
"😺",128570,241,161,63,"#f1a13f"
"😸",128568,240,160,63,"#f0a03f"
"😹",128569,216,149,86,"#d89556"
"😻",128571,242,142,71,"#f28e47"
"😼",128572,240,162,62,"#f0a23e"
"😽",128573,240,153,67,"#f09943"
"🙀",128576,243,177,84,"#f3b154"
"😿",128575,234,162,70,"#eaa246"
"😾",128574,239,162,62,"#efa23e"
"🙈",128584,158,102,110,"#9e666e"
"🙉",128585,168,109,123,"#a86d7b"
"🙊",128586,168,113,117,"#a87175"
"💌",128140,231,167,198,"#e7a7c6"
"💘",128152,222,64,120,"#de4078"
"💝",128157,241,109,86,"#f16d56"
"💖",128150,243,72,105,"#f34869"
"💗",128151,249,118,182,"#f976b6"
"💓",128147,242,57,111,"#f2396f"
"💞",128158,242,58,112,"#f23a70"
"💕",128149,241,57,112,"#f13970"
"💟",128159,174,146,229,"#ae92e5"
"❣",10083,0,0,0,"#000000"
"💔",128148,240,56,111,"#f0386f"
"❤",10084,0,0,0,"#000000"
"🔥",128293,244,132,62,"#f4843e"
"🩹",129657,64,174,236,"#40aeec"
"🩷",129655,245,76,164,"#f54ca4"
"🧡",129505,252,117,76,"#fc754c"
"💛",128155,252,188,76,"#fcbc4c"
"💚",128154,62,193,128,"#3ec180"
"💙",128153,66,125,247,"#427df7"
"🩵",129653,88,174,239,"#58aeef"
"💜",128156,154,59,244,"#9a3bf4"
"🤎",129294,165,101,99,"#a56563"
"🖤",128420,70,57,80,"#463950"
"🩶",129654,163,156,171,"#a39cab"
"🤍",129293,225,215,235,"#e1d7eb"
"💋",128139,234,49,120,"#ea3178"
"💯",128175,231,13,87,"#e70d57"
"💢",128162,228,34,109,"#e4226d"
"💥",128165,231,40,82,"#e72852"
"💫",128171,251,191,44,"#fbbf2c"
"💦",128166,55,191,246,"#37bff6"
"🕳",128371,0,0,0,"#000000"
"💬",128172,223,214,236,"#dfd6ec"
"👁",128065,0,0,0,"#000000"
"🗨",128488,0,0,0,"#000000"
"🗯",128495,0,0,0,"#000000"
"💭",128173,224,218,236,"#e0daec"
"💤",128164,79,165,247,"#4fa5f7"
"👋",128075,223,177,83,"#dfb153"
"🤚",129306,248,181,70,"#f8b546"
"🖐",128400,250,189,67,"#fabd43"
"🏻",127995,0,0,0,"#000000"
"🏼",127996,0,0,0,"#000000"
"🏽",127997,0,0,0,"#000000"
"🏾",127998,0,0,0,"#000000"
"🏿",127999,0,0,0,"#000000"
"✋",9995,250,187,64,"#fabb40"
"🖖",128406,250,189,64,"#fabd40"
"🫱",129777,252,191,72,"#fcbf48"
"🫲",129778,252,195,76,"#fcc34c"
"🫳",129779,247,189,78,"#f7bd4e"
"🫴",129780,250,196,73,"#fac449"
"🫷",129783,183,124,137,"#b77c89"
"🫸",129784,183,143,131,"#b78f83"
"👌",128076,249,187,67,"#f9bb43"
"🤌",129292,253,189,62,"#fdbd3e"
"🤏",129295,248,183,58,"#f8b73a"
"✌",9996,248,184,72,"#f8b848"
"🤞",129310,250,183,75,"#fab74b"
"🫰",129776,254,190,81,"#febe51"
"🤟",129311,249,188,72,"#f9bc48"
"🤘",129304,248,182,73,"#f8b649"
"🤙",129305,246,178,62,"#f6b23e"
"👈",128072,247,190,74,"#f7be4a"
"👉",128073,250,188,74,"#fabc4a"
"👆",128070,251,187,70,"#fbbb46"
"🖕",128405,252,192,60,"#fcc03c"
"👇",128071,251,193,79,"#fbc14f"
"☝",9757,248,181,75,"#f8b54b"
"🫵",129781,249,180,63,"#f9b43f"
"👍",128077,245,179,64,"#f5b340"
"👎",128078,248,186,64,"#f8ba40"
"✊",9994,246,176,68,"#f6b044"
"👊",128074,250,187,69,"#fabb45"
"🤛",129307,239,179,69,"#efb345"
"🤜",129308,242,184,65,"#f2b841"
"👏",128079,240,179,76,"#f0b34c"
"🙌",128588,237,180,74,"#edb44a"
"🫶",129782,250,186,78,"#faba4e"
"👐",128080,249,186,77,"#f9ba4d"
"🤲",129330,247,178,69,"#f7b245"
"🤝",129309,248,189,58,"#f8bd3a"
"🙏",128591,199,137,130,"#c78982"
"✍",9997,246,167,78,"#f6a74e"
"💅",128133,218,150,97,"#da9661"
"🤳",129331,206,98,130,"#ce6282"
"💪",128170,248,184,67,"#f8b843"
"🦾",129470,152,146,158,"#98929e"
"🦿",129471,164,158,170,"#a49eaa"
"🦵",129461,250,194,70,"#fac246"
"🦶",129462,249,196,73,"#f9c449"
"👂",128066,252,195,67,"#fcc343"
"🦻",129467,239,193,92,"#efc15c"
"👃",128067,248,194,67,"#f8c243"
"🧠",129504,248,125,195,"#f87dc3"
"🫀",129728,209,98,162,"#d162a2"
"🫁",129729,232,145,158,"#e8919e"
"🦷",129463,219,211,223,"#dbd3df"
"🦴",129460,212,204,217,"#d4ccd9"
"👀",128064,170,158,180,"#aa9eb4"
"👅",128069,199,29,123,"#c71d7b"
"👄",128068,229,78,125,"#e54e7d"
"🫦",129766,230,87,134,"#e65786"
"👶",128118,239,180,60,"#efb43c"
"🧒",129490,237,173,54,"#edad36"
"👦",128102,239,176,54,"#efb036"
"👧",128103,238,175,58,"#eeaf3a"
"🧑",129489,237,174,57,"#edae39"
"👱",128113,239,187,92,"#efbb5c"
"👨",128104,243,182,48,"#f3b630"
"🧔",129492,235,169,60,"#eba93c"
"🦰",129456,235,162,63,"#eba23f"
"👩",128105,233,169,55,"#e9a937"
"🦱",129457,235,168,48,"#eba830"
"🦳",129459,238,187,99,"#eebb63"
"🦲",129458,248,193,61,"#f8c13d"
"♀",9792,0,0,0,"#000000"
"🧓",129491,214,171,91,"#d6ab5b"
"👴",128116,230,176,73,"#e6b049"
"👵",128117,212,170,94,"#d4aa5e"
"🙍",128589,241,153,50,"#f19932"
"🙎",128590,245,148,50,"#f59432"
"🙅",128581,246,142,47,"#f68e2f"
"🙆",128582,248,131,41,"#f88329"
"💁",128129,242,146,51,"#f29233"
"🙋",128587,244,144,49,"#f49031"
"🧏",129487,241,154,60,"#f19a3c"
"🙇",128583,236,156,56,"#ec9c38"
"🤦",129318,242,142,46,"#f28e2e"
"🤷",129335,241,135,44,"#f1872c"
"⚕",9877,0,0,0,"#000000"
"🎓",127891,98,73,91,"#62495b"
"🏫",127979,185,160,141,"#b9a08d"
"⚖",9878,0,0,0,"#000000"
"🌾",127806,172,178,91,"#acb25b"
"🍳",127859,112,91,132,"#705b84"
"🔧",128295,210,202,222,"#d2cade"
"🏭",127981,159,148,169,"#9f94a9"
"💼",128188,127,79,90,"#7f4f5a"
"🔬",128300,154,156,183,"#9a9cb7"
"💻",128187,120,188,221,"#78bcdd"
"🎤",127908,123,114,133,"#7b7285"
"🎨",127912,238,171,168,"#eeaba8"
"✈",9992,0,0,0,"#000000"
"🚀",128640,221,147,168,"#dd93a8"
"🚒",128658,172,103,136,"#ac6788"
"👮",128110,126,164,172,"#7ea4ac"
"🕵",128373,135,111,111,"#876f6f"
"♂",9794,0,0,0,"#000000"
"💂",128130,163,93,99,"#a35d63"
"🥷",129399,95,75,95,"#5f4b5f"
"👷",128119,243,167,65,"#f3a741"
"🫅",129733,237,144,66,"#ed9042"
"🤴",129332,185,160,116,"#b9a074"
"👸",128120,194,142,118,"#c28e76"
"👳",128115,228,190,125,"#e4be7d"
"👲",128114,212,101,86,"#d46556"
"🧕",129493,142,107,153,"#8e6b99"
"🤵",129333,161,126,106,"#a17e6a"
"👰",128112,215,184,137,"#d7b889"
"🤰",129328,198,142,115,"#c68e73"
"🫃",129731,159,167,128,"#9fa780"
"🫄",129732,246,146,48,"#f69230"
"🤱",129329,192,161,104,"#c0a168"
"🍼",127868,225,193,181,"#e1c1b5"
"👼",128124,220,182,94,"#dcb65e"
"🎅",127877,223,170,142,"#dfaa8e"
"🤶",129334,218,179,145,"#dab391"
"🎄",127876,123,154,86,"#7b9a56"
"🦸",129464,150,127,152,"#967f98"
"🦹",129465,156,98,110,"#9c626e"
"🧙",129497,112,150,173,"#7096ad"
"🧚",129498,214,181,115,"#d6b573"
"🧛",129499,159,97,96,"#9f6160"
"🧜",129500,167,177,79,"#a7b14f"
"🧝",129501,182,147,82,"#b69352"
"🧞",129502,163,135,161,"#a387a1"
"🧟",129503,85,105,119,"#556977"
"🧌",129484,143,110,76,"#8f6e4c"
"💆",128134,248,155,49,"#f89b31"
"💇",128135,244,130,56,"#f48238"
"🚶",128694,191,139,90,"#bf8b5a"
"🧍",129485,203,132,91,"#cb845b"
"🧎",129486,185,140,106,"#b98c6a"
"🦯",129455,156,114,140,"#9c728c"
"🦼",129468,87,126,152,"#577e98"
"🦽",129469,131,71,97,"#834761"
"🏃",127939,218,156,83,"#da9c53"
"💃",128131,211,81,61,"#d3513d"
"🕺",128378,118,148,168,"#7694a8"
"🕴",128372,107,83,107,"#6b536b"
"👯",128111,174,125,80,"#ae7d50"
"🧖",129494,234,162,112,"#eaa270"
"🧗",129495,191,174,161,"#bfaea1"
"🤺",129338,153,147,162,"#9993a2"
"🏇",127943,120,106,103,"#786a67"
"⛷",9975,0,0,0,"#000000"
"🏂",127938,156,169,194,"#9ca9c2"
"🏌",127948,195,136,105,"#c38869"
"🏄",127940,182,145,144,"#b69190"
"🚣",128675,122,172,168,"#7aaca8"
"🏊",127946,138,155,164,"#8a9ba4"
"⛹",9977,224,146,86,"#e09256"
"🏋",127947,178,128,83,"#b28053"
"🚴",128692,159,111,97,"#9f6f61"
"🚵",128693,118,153,110,"#76996e"
"🤸",129336,207,152,87,"#cf9857"
"🤼",129340,225,148,65,"#e19441"
"🤽",129341,150,154,156,"#969a9c"
"🤾",129342,212,146,87,"#d49257"
"🤹",129337,187,152,116,"#bb9874"
"🧘",129496,237,159,46,"#ed9f2e"
"🛀",128704,197,189,185,"#c5bdb9"
"🛌",128716,80,83,143,"#50538f"
"👭",128109,168,131,125,"#a8837d"
"👫",128107,161,137,130,"#a18982"
"👬",128108,153,144,135,"#999087"
"💏",128143,240,123,76,"#f07b4c"
"💑",128145,242,124,83,"#f27c53"
"👪",128106,240,142,59,"#f08e3b"
"🗣",128483,0,0,0,"#000000"
"👤",128100,78,49,122,"#4e317a"
"👥",128101,78,49,123,"#4e317b"
"🫂",129730,103,74,148,"#674a94"
"👣",128099,82,52,128,"#523480"
"🐵",128053,175,113,132,"#af7184"
"🐒",128018,146,86,100,"#925664"
"🦍",129421,113,107,124,"#716b7c"
"🦧",129447,195,105,65,"#c36941"
"🐶",128054,197,136,117,"#c58875"
"🐕",128021,235,166,126,"#eba67e"
"🦮",129454,221,159,130,"#dd9f82"
"🦺",129466,242,108,103,"#f26c67"
"🐩",128041,177,168,189,"#b1a8bd"
"🐺",128058,167,163,170,"#a7a3aa"
"🦊",129418,226,140,85,"#e28c55"
"🦝",129437,165,158,170,"#a59eaa"
"🐱",128049,245,161,75,"#f5a14b"
"🐈",128008,234,161,113,"#eaa171"
"🦁",129409,183,124,95,"#b77c5f"
"🐯",128047,208,128,98,"#d08062"
"🐅",128005,220,109,82,"#dc6d52"
"🐆",128006,239,167,75,"#efa74b"
"🐴",128052,108,74,81,"#6c4a51"
"🫎",129742,184,118,100,"#b87664"
"🫏",129743,180,158,163,"#b49ea3"
"🐎",128014,117,82,80,"#755250"
"🦄",129412,195,151,242,"#c397f2"
"🦓",129427,148,141,155,"#948d9b"
"🦌",129420,210,148,103,"#d29467"
"🦬",129452,134,87,88,"#865758"
"🐮",128046,192,158,161,"#c09ea1"
"🐂",128002,126,79,78,"#7e4f4e"
"🐃",128003,104,98,113,"#686271"
"🐄",128004,177,164,181,"#b1a4b5"
"🐷",128055,250,142,182,"#fa8eb6"
"🐖",128022,252,133,161,"#fc85a1"
"🐗",128023,163,103,108,"#a3676c"
"🐽",128061,215,122,158,"#d77a9e"
"🐏",128015,207,183,186,"#cfb7ba"
"🐑",128017,207,184,190,"#cfb8be"
"🐐",128016,198,134,97,"#c68661"
"🐪",128042,221,150,112,"#dd9670"
"🐫",128043,220,152,111,"#dc986f"
"🦙",129433,222,197,217,"#dec5d9"
"🦒",129426,214,134,66,"#d68642"
"🐘",128024,182,176,194,"#b6b0c2"
"🦣",129443,131,85,85,"#835555"
"🦏",129423,129,123,135,"#817b87"
"🦛",129435,120,108,115,"#786c73"
"🐭",128045,210,171,196,"#d2abc4"
"🐁",128001,195,165,182,"#c3a5b6"
"🐀",128000,128,99,114,"#806372"
"🐹",128057,239,160,133,"#efa085"
"🐰",128048,205,193,204,"#cdc1cc"
"🐇",128007,202,184,209,"#cab8d1"
"🐿",128063,0,0,0,"#000000"
"🦫",129451,120,84,86,"#785456"
"🦔",129428,183,119,107,"#b7776b"
"🦇",129415,175,112,101,"#af7065"
"🐻",128059,160,104,102,"#a06866"
"🐨",128040,157,154,166,"#9d9aa6"
"🐼",128060,182,166,205,"#b6a6cd"
"🦥",129445,222,161,124,"#dea17c"
"🦦",129446,132,82,82,"#845252"
"🦨",129448,114,107,121,"#726b79"
"🦘",129432,229,160,111,"#e5a06f"
"🦡",129441,115,106,122,"#736a7a"
"🐾",128062,71,56,89,"#473859"
"🦃",129411,127,84,76,"#7f544c"
"🐔",128020,227,183,202,"#e3b7ca"
"🐓",128019,164,106,93,"#a46a5d"
"🐣",128035,218,188,148,"#dabc94"
"🐤",128036,253,188,82,"#fdbc52"
"🐥",128037,241,170,54,"#f1aa36"
"🐦",128038,227,44,107,"#e32c6b"
"🐧",128039,181,138,187,"#b58abb"
"🕊",128330,0,0,0,"#000000"
"🦅",129413,186,135,123,"#ba877b"
"🦆",129414,170,161,159,"#aaa19f"
"🦢",129442,219,207,225,"#dbcfe1"
"🦉",129417,177,123,95,"#b17b5f"
"🦤",129444,192,175,180,"#c0afb4"
"🪶",129718,207,139,103,"#cf8b67"
"🦩",129449,234,125,167,"#ea7da7"
"🦚",129434,105,192,150,"#69c096"
"🦜",129436,212,109,125,"#d46d7d"
"🪽",129725,176,162,190,"#b0a2be"
"⬛",11035,70,66,76,"#46424c"
"🪿",129727,179,108,101,"#b36c65"
"🐸",128056,163,194,115,"#a3c273"
"🐊",128010,83,174,137,"#53ae89"
"🐢",128034,102,176,131,"#66b083"
"🦎",129422,74,194,144,"#4ac290"
"🐍",128013,84,193,153,"#54c199"
"🐲",128050,133,157,137,"#859d89"
"🐉",128009,128,164,135,"#80a487"
"🦕",129429,79,193,152,"#4fc198"
"🦖",129430,71,199,142,"#47c78e"
"🐳",128051,115,192,252,"#73c0fc"
"🐋",128011,102,183,249,"#66b7f9"
"🐬",128044,70,189,254,"#46bdfe"
"🦭",129453,167,161,172,"#a7a1ac"
"🐟",128031,73,161,249,"#49a1f9"
"🐠",128032,135,153,198,"#8799c6"
"🐡",128033,234,179,141,"#eab38d"
"🦈",129416,168,162,175,"#a8a2af"
"🐙",128025,237,127,116,"#ed7f74"
"🐚",128026,178,171,194,"#b2abc2"
"🪸",129720,204,134,96,"#cc8660"
"🪼",129724,113,124,232,"#717ce8"
"🐌",128012,161,106,90,"#a16a5a"
"🦋",129419,138,65,87,"#8a4157"
"🐛",128027,83,189,160,"#53bda0"
"🐜",128028,84,74,129,"#544a81"
"🐝",128029,148,129,134,"#948186"
"🪲",129714,120,168,123,"#78a87b"
"🐞",128030,142,66,102,"#8e4266"
"🦗",129431,127,197,112,"#7fc570"
"🪳",129715,126,77,81,"#7e4d51"
"🕷",128375,0,0,0,"#000000"
"🕸",128376,0,0,0,"#000000"
"🦂",129410,110,69,70,"#6e4546"
"🦟",129439,157,117,128,"#9d7580"
"🪰",129712,123,154,197,"#7b9ac5"
"🪱",129713,197,99,123,"#c5637b"
"🦠",129440,84,202,147,"#54ca93"
"💐",128144,166,142,108,"#a68e6c"
"🌸",127800,252,120,155,"#fc789b"
"💮",128174,237,187,230,"#edbbe6"
"🪷",129719,194,127,143,"#c27f8f"
"🏵",127989,0,0,0,"#000000"
"🌹",127801,192,93,78,"#c05d4e"
"🥀",129344,156,104,74,"#9c684a"
"🌺",127802,230,103,177,"#e667b1"
"🌻",127803,186,163,82,"#baa352"
"🌼",127804,204,191,191,"#ccbfbf"
"🌷",127799,195,100,151,"#c36497"
"🪻",129723,142,112,173,"#8e70ad"
"🌱",127793,156,173,86,"#9cad56"
"🪴",129716,174,166,84,"#aea654"
"🌲",127794,105,157,87,"#699d57"
"🌳",127795,108,163,90,"#6ca35a"
"🌴",127796,131,135,78,"#83874e"
"🌵",127797,100,177,98,"#64b162"
"🌿",127807,159,200,82,"#9fc852"
"☘",9752,0,0,0,"#000000"
"🍀",127808,74,190,133,"#4abe85"
"🍁",127809,240,63,131,"#f03f83"
"🍂",127810,207,94,65,"#cf5e41"
"🍃",127811,92,183,145,"#5cb791"
"🪹",129721,169,123,96,"#a97b60"
"🪺",129722,155,141,125,"#9b8d7d"
"🍄",127812,249,125,143,"#f97d8f"
"🍇",127815,112,89,128,"#705980"
"🍈",127816,180,194,131,"#b4c283"
"🍉",127817,212,95,101,"#d45f65"
"🍊",127818,236,172,64,"#ecac40"
"🍋",127819,238,203,80,"#eecb50"
"🍌",127820,249,188,76,"#f9bc4c"
"🍍",127821,231,172,93,"#e7ac5d"
"🥭",129389,237,172,58,"#edac3a"
"🍎",127822,218,78,89,"#da4e59"
"🍏",127823,174,209,79,"#aed14f"
"🍐",127824,202,202,68,"#caca44"
"🍑",127825,242,138,78,"#f28a4e"
"🍒",127826,196,92,74,"#c45c4a"
"🍓",127827,188,85,82,"#bc5552"
"🫐",129744,128,96,188,"#8060bc"
"🥝",129373,174,194,79,"#aec24f"
"🍅",127813,200,97,88,"#c86158"
"🫒",129746,125,151,80,"#7d9750"
"🥥",129381,178,146,159,"#b2929f"
"🥑",129361,137,175,85,"#89af55"
"🍆",127814,110,78,236,"#6e4eec"
"🥔",129364,222,165,134,"#dea586"
"🥕",129365,220,159,71,"#dc9f47"
"🌽",127805,138,169,44,"#8aa92c"
"🌶",127798,0,0,0,"#000000"
"🫑",129745,103,155,88,"#679b58"
"🥒",129362,115,164,97,"#73a461"
"🥬",129388,113,156,57,"#719c39"
"🥦",129382,49,174,127,"#31ae7f"
"🧄",129476,210,161,157,"#d2a19d"
"🧅",129477,219,157,99,"#db9d63"
"🥜",129372,197,144,117,"#c59075"
"🫘",129752,146,73,80,"#924950"
"🌰",127792,146,94,89,"#925e59"
"🫚",129754,225,136,96,"#e18860"
"🫛",129755,96,155,68,"#609b44"
"🍞",127838,211,160,107,"#d3a06b"
"🥐",129360,225,155,104,"#e19b68"
"🥖",129366,234,171,123,"#eaab7b"
"🫓",129747,246,193,162,"#f6c1a2"
"🥨",129384,234,135,64,"#ea8740"
"🥯",129391,244,187,160,"#f4bba0"
"🥞",129374,201,158,106,"#c99e6a"
"🧇",129479,225,163,104,"#e1a368"
"🧀",129472,253,216,77,"#fdd84d"
"🍖",127830,147,105,102,"#936966"
"🍗",127831,205,140,123,"#cd8c7b"
"🥩",129385,231,137,143,"#e7898f"
"🥓",129363,242,117,129,"#f27581"
"🍔",127828,195,152,106,"#c3986a"
"🍟",127839,220,94,91,"#dc5e5b"
"🍕",127829,250,176,105,"#fab069"
"🌭",127789,233,151,104,"#e99768"
"🥪",129386,212,182,138,"#d4b68a"
"🌮",127790,212,178,85,"#d4b255"
"🌯",127791,214,183,174,"#d6b7ae"
"🫔",129748,211,171,82,"#d3ab52"
"🥙",129369,181,157,115,"#b59d73"
"🧆",129478,141,104,87,"#8d6857"
"🥚",129370,211,141,91,"#d38d5b"
"🥘",129368,143,115,99,"#8f7363"
"🍲",127858,196,144,129,"#c49081"
"🫕",129749,206,93,114,"#ce5d72"
"🥣",129379,72,113,212,"#4871d4"
"🥗",129367,165,157,148,"#a59d94"
"🍿",127871,234,121,156,"#ea799c"
"🧈",129480,232,191,107,"#e8bf6b"
"🧂",129474,196,216,226,"#c4d8e2"
"🥫",129387,204,138,167,"#cc8aa7"
"🍱",127857,116,103,118,"#746776"
"🍘",127832,169,116,104,"#a97468"
"🍙",127833,168,160,186,"#a8a0ba"
"🍚",127834,211,130,154,"#d3829a"
"🍛",127835,216,167,142,"#d8a78e"
"🍜",127836,218,92,103,"#da5c67"
"🍝",127837,204,152,133,"#cc9885"
"🍠",127840,244,115,85,"#f47355"
"🍢",127842,182,141,153,"#b68d99"
"🍣",127843,227,118,122,"#e3767a"
"🍤",127844,245,147,64,"#f59340"
"🍥",127845,217,195,223,"#d9c3df"
"🥮",129390,219,165,108,"#dba56c"
"🍡",127841,172,175,143,"#acaf8f"
"🥟",129375,220,169,111,"#dca96f"
"🥠",129376,233,172,90,"#e9ac5a"
"🥡",129377,213,197,206,"#d5c5ce"
"🦀",129408,251,63,142,"#fb3f8e"
"🦞",129438,214,84,97,"#d65461"
"🦐",129424,234,86,75,"#ea564b"
"🦑",129425,214,70,178,"#d646b2"
"🦪",129450,188,152,147,"#bc9893"
"🍦",127846,243,199,148,"#f3c794"
"🍧",127847,193,161,221,"#c1a1dd"
"🍨",127848,179,171,188,"#b3abbc"
"🍩",127849,167,106,98,"#a76a62"
"🍪",127850,206,154,127,"#ce9a7f"
"🎂",127874,233,190,149,"#e9be95"
"🍰",127856,248,191,153,"#f8bf99"
"🧁",129473,191,118,204,"#bf76cc"
"🥧",129383,232,164,116,"#e8a474"
"🍫",127851,172,79,95,"#ac4f5f"
"🍬",127852,206,82,72,"#ce5248"
"🍭",127853,193,154,171,"#c19aab"
"🍮",127854,178,135,114,"#b28772"
"🍯",127855,183,119,79,"#b7774f"
"🥛",129371,211,226,243,"#d3e2f3"
"☕",9749,156,131,151,"#9c8397"
"🫖",129750,234,55,111,"#ea376f"
"🍵",127861,192,188,195,"#c0bcc3"
"🍶",127862,204,205,230,"#cccde6"
"🍾",127870,155,165,101,"#9ba565"
"🍷",127863,210,170,222,"#d2aade"
"🍸",127864,184,224,204,"#b8e0cc"
"🍹",127865,199,172,146,"#c7ac92"
"🍺",127866,221,205,190,"#ddcdbe"
"🍻",127867,220,206,191,"#dccebf"
"🥂",129346,220,229,220,"#dce5dc"
"🥃",129347,186,201,195,"#bac9c3"
"🫗",129751,166,219,253,"#a6dbfd"
"🥤",129380,217,148,177,"#d994b1"
"🧋",129483,216,166,147,"#d8a693"
"🧃",129475,159,187,110,"#9fbb6e"
"🧉",129481,171,123,113,"#ab7b71"
"🧊",129482,85,189,243,"#55bdf3"
"🥢",129378,170,46,76,"#aa2e4c"
"🍽",127869,0,0,0,"#000000"
"🍴",127860,185,178,199,"#b9b2c7"
"🥄",129348,179,170,194,"#b3aac2"
"🔪",128298,165,156,196,"#a59cc4"
"🫙",129753,192,222,236,"#c0deec"
"🏺",127994,173,112,80,"#ad7050"
"🌍",127757,76,175,199,"#4cafc7"
"🌎",127758,68,170,206,"#44aace"
"🌏",127759,70,175,202,"#46afca"
"🌐",127760,84,196,251,"#54c4fb"
"🗺",128506,0,0,0,"#000000"
"🗾",128510,90,201,153,"#5ac999"
"🧭",129517,211,175,144,"#d3af90"
"🏔",127956,0,0,0,"#000000"
"⛰",9968,0,0,0,"#000000"
"🌋",127755,136,93,117,"#885d75"
"🗻",128507,100,89,111,"#64596f"
"🏕",127957,0,0,0,"#000000"
"🏖",127958,0,0,0,"#000000"
"🏜",127964,0,0,0,"#000000"
"🏝",127965,0,0,0,"#000000"
"🏞",127966,0,0,0,"#000000"
"🏟",127967,0,0,0,"#000000"
"🏛",127963,0,0,0,"#000000"
"🏗",127959,0,0,0,"#000000"
"🧱",129521,226,124,96,"#e27c60"
"🪨",129704,210,207,214,"#d2cfd6"
"🪵",129717,135,91,80,"#875b50"
"🛖",128726,153,107,88,"#996b58"
"🏘",127960,0,0,0,"#000000"
"🏚",127962,0,0,0,"#000000"
"🏠",127968,177,140,109,"#b18c6d"
"🏡",127969,149,146,108,"#95926c"
"🏢",127970,149,166,186,"#95a6ba"
"🏣",127971,166,150,158,"#a6969e"
"🏤",127972,166,153,159,"#a6999f"
"🏥",127973,183,157,194,"#b79dc2"
"🏦",127974,159,151,167,"#9f97a7"
"🏨",127976,204,151,150,"#cc9796"
"🏩",127977,207,129,140,"#cf818c"
"🏪",127978,160,137,164,"#a089a4"
"🏬",127980,109,147,196,"#6d93c4"
"🏯",127983,197,89,131,"#c55983"
"🏰",127984,199,146,182,"#c792b6"
"💒",128146,182,175,153,"#b6af99"
"🗼",128508,232,104,78,"#e8684e"
"🗽",128509,97,176,155,"#61b09b"
"⛪",9962,162,130,117,"#a28275"
"🕌",128332,167,137,129,"#a78981"
"🛕",128725,184,124,69,"#b87c45"
"🕍",128333,169,134,103,"#a98667"
"⛩",9961,0,0,0,"#000000"
"🕋",128331,103,86,73,"#675649"
"⛲",9970,169,181,204,"#a9b5cc"
"⛺",9978,92,169,60,"#5ca93c"
"🌁",127745,181,187,196,"#b5bbc4"
"🌃",127747,87,71,95,"#57475f"
"🏙",127961,0,0,0,"#000000"
"🌄",127748,156,127,72,"#9c7f48"
"🌅",127749,198,136,124,"#c6887c"
"🌆",127750,120,84,133,"#785485"
"🌇",127751,156,104,103,"#9c6867"
"🌉",127753,124,93,123,"#7c5d7b"
"♨",9832,0,0,0,"#000000"
"🎠",127904,191,123,85,"#bf7b55"
"🛝",128733,191,134,165,"#bf86a5"
"🎡",127905,172,139,148,"#ac8b94"
"🎢",127906,187,126,117,"#bb7e75"
"💈",128136,182,154,190,"#b69abe"
"🎪",127914,189,110,147,"#bd6e93"
"🚂",128642,133,85,110,"#85556e"
"🚃",128643,156,164,117,"#9ca475"
"🚄",128644,110,146,188,"#6e92bc"
"🚅",128645,143,164,202,"#8fa4ca"
"🚆",128646,99,131,163,"#6383a3"
"🚇",128647,119,90,131,"#775a83"
"🚈",128648,148,165,181,"#94a5b5"
"🚉",128649,135,147,191,"#8793bf"
"🚊",128650,157,128,171,"#9d80ab"
"🚝",128669,133,165,227,"#85a5e3"
"🚞",128670,129,175,145,"#81af91"
"🚋",128651,158,136,172,"#9e88ac"
"🚌",128652,153,164,168,"#99a4a8"
"🚍",128653,135,148,158,"#87949e"
"🚎",128654,138,176,203,"#8ab0cb"
"🚐",128656,153,167,210,"#99a7d2"
"🚑",128657,199,127,169,"#c77fa9"
"🚓",128659,114,127,153,"#727f99"
"🚔",128660,99,130,145,"#638291"
"🚕",128661,179,159,120,"#b39f78"
"🚖",128662,186,166,120,"#baa678"
"🚗",128663,158,87,128,"#9e5780"
"🚘",128664,142,116,152,"#8e7498"
"🚙",128665,84,130,187,"#5482bb"
"🛻",128763,162,73,99,"#a24963"
"🚚",128666,196,140,95,"#c48c5f"
"🚛",128667,146,163,168,"#92a3a8"
"🚜",128668,62,145,129,"#3e9181"
"🏎",127950,0,0,0,"#000000"
"🏍",127949,0,0,0,"#000000"
"🛵",128757,206,57,103,"#ce3967"
"🛺",128762,122,142,107,"#7a8e6b"
"🚲",128690,179,129,148,"#b38194"
"🛴",128756,76,125,183,"#4c7db7"
"🛹",128761,101,78,111,"#654e6f"
"🛼",128764,187,100,118,"#bb6476"
"🚏",128655,95,137,186,"#5f89ba"
"🛣",128739,0,0,0,"#000000"
"🛤",128740,0,0,0,"#000000"
"🛢",128738,0,0,0,"#000000"
"⛽",9981,195,90,114,"#c35a72"
"🛞",128734,175,120,103,"#af7867"
"🚨",128680,229,119,131,"#e57783"
"🚥",128677,90,78,81,"#5a4e51"
"🚦",128678,91,79,81,"#5b4f51"
"🛑",128721,212,93,130,"#d45d82"
"🚧",128679,160,125,86,"#a07d56"
"⚓",9875,67,177,234,"#43b1ea"
"🛟",128735,213,117,155,"#d5759b"
"⛵",9973,179,166,167,"#b3a6a7"
"🛶",128758,140,144,175,"#8c90af"
"🚤",128676,160,164,197,"#a0a4c5"
"🛳",128755,0,0,0,"#000000"
"⛴",9972,0,0,0,"#000000"
"🛥",128741,0,0,0,"#000000"
"🚢",128674,193,163,191,"#c1a3bf"
"🛩",128745,0,0,0,"#000000"
"🛫",128747,132,156,185,"#849cb9"
"🛬",128748,135,162,191,"#87a2bf"
"🪂",129666,170,154,133,"#aa9a85"
"💺",128186,119,169,207,"#77a9cf"
"🚁",128641,206,146,132,"#ce9284"
"🚟",128671,156,192,212,"#9cc0d4"
"🚠",128672,153,163,170,"#99a3aa"
"🚡",128673,150,175,153,"#96af99"
"🛰",128752,0,0,0,"#000000"
"🛸",128760,168,174,145,"#a8ae91"
"🛎",128718,0,0,0,"#000000"
"🧳",129523,74,140,206,"#4a8cce"
"⌛",8987,196,196,178,"#c4c4b2"
"⏳",9203,193,193,175,"#c1c1af"
"⌚",8986,133,134,205,"#8586cd"
"⏰",9200,231,146,151,"#e79297"
"⏱",9201,0,0,0,"#000000"
"⏲",9202,0,0,0,"#000000"
"🕰",128368,0,0,0,"#000000"
"🕛",128347,165,160,167,"#a5a0a7"
"🕧",128359,166,160,167,"#a6a0a7"
"🕐",128336,167,160,168,"#a7a0a8"
"🕜",128348,167,160,168,"#a7a0a8"
"🕑",128337,166,159,167,"#a69fa7"
"🕝",128349,164,157,164,"#a49da4"
"🕒",128338,165,159,166,"#a59fa6"
"🕞",128350,166,159,166,"#a69fa6"
"🕓",128339,166,159,167,"#a69fa7"
"🕟",128351,164,157,164,"#a49da4"
"🕔",128340,166,159,166,"#a69fa6"
"🕠",128352,166,159,167,"#a69fa7"
"🕕",128341,167,160,167,"#a7a0a7"
"🕡",128353,167,163,170,"#a7a3aa"
"🕖",128342,166,159,167,"#a69fa7"
"🕢",128354,166,159,167,"#a69fa7"
"🕗",128343,166,159,167,"#a69fa7"
"🕣",128355,166,159,166,"#a69fa6"
"🕘",128344,166,159,167,"#a69fa7"
"🕤",128356,166,159,166,"#a69fa6"
"🕙",128345,166,160,167,"#a6a0a7"
"🕥",128357,165,159,166,"#a59fa6"
"🕚",128346,166,160,167,"#a6a0a7"
"🕦",128358,166,159,166,"#a69fa6"
"🌑",127761,120,82,157,"#78529d"
"🌒",127762,150,115,150,"#967396"
"🌓",127763,174,139,126,"#ae8b7e"
"🌔",127764,200,162,71,"#c8a247"
"🌕",127765,234,186,110,"#eaba6e"
"🌖",127766,210,157,121,"#d29d79"
"🌗",127767,181,128,133,"#b58085"
"🌘",127768,147,100,139,"#93648b"
"🌙",127769,246,187,104,"#f6bb68"
"🌚",127770,136,102,196,"#8866c4"
"🌛",127771,237,175,93,"#edaf5d"
"🌜",127772,232,175,103,"#e8af67"
"🌡",127777,0,0,0,"#000000"
"☀",9728,0,0,0,"#000000"
"🌝",127773,221,170,102,"#ddaa66"
"🌞",127774,223,150,48,"#df9630"
"🪐",129680,236,164,77,"#eca44d"
"⭐",11088,229,188,55,"#e5bc37"
"🌟",127775,235,191,52,"#ebbf34"
"🌠",127776,126,105,70,"#7e6946"
"🌌",127756,59,92,123,"#3b5c7b"
"☁",9729,0,0,0,"#000000"
"⛅",9925,225,199,195,"#e1c7c3"
"⛈",9928,0,0,0,"#000000"
"🌤",127780,0,0,0,"#000000"
"🌥",127781,0,0,0,"#000000"
"🌦",127782,0,0,0,"#000000"
"🌧",127783,0,0,0,"#000000"
"🌨",127784,0,0,0,"#000000"
"🌩",127785,0,0,0,"#000000"
"🌪",127786,0,0,0,"#000000"
"🌬",127788,0,0,0,"#000000"
"🌀",127744,71,86,252,"#4756fc"
"🌈",127752,193,151,147,"#c19793"
"🌂",127746,107,67,155,"#6b439b"
"☂",9730,0,0,0,"#000000"
"☔",9748,110,94,169,"#6e5ea9"
"⛱",9969,0,0,0,"#000000"
"⚡",9889,244,135,77,"#f4874d"
"❄",10052,0,0,0,"#000000"
"☃",9731,0,0,0,"#000000"
"⛄",9924,169,172,205,"#a9accd"
"☄",9732,0,0,0,"#000000"
"💧",128167,119,188,251,"#77bcfb"
"🌊",127754,87,170,246,"#57aaf6"
"🎃",127875,215,105,89,"#d76959"
"🎆",127878,113,70,116,"#714674"
"🎇",127879,122,85,115,"#7a5573"
"🧨",129512,221,57,98,"#dd3962"
"✨",10024,250,175,95,"#faaf5f"
"🎈",127880,185,59,104,"#b93b68"
"🎉",127881,159,123,145,"#9f7b91"
"🎊",127882,164,136,120,"#a48878"
"🎋",127883,134,157,105,"#869d69"
"🎍",127885,143,152,96,"#8f9860"
"🎎",127886,176,149,156,"#b0959c"
"🎏",127887,175,133,165,"#af85a5"
"🎐",127888,178,207,238,"#b2cfee"
"🎑",127889,142,112,120,"#8e7078"
"🧧",129511,223,60,102,"#df3c66"
"🎀",127872,195,37,67,"#c32543"
"🎁",127873,225,126,62,"#e17e3e"
"🎗",127895,0,0,0,"#000000"
"🎟",127903,0,0,0,"#000000"
"🎫",127915,239,198,71,"#efc647"
"🎖",127894,0,0,0,"#000000"
"🏆",127942,210,147,86,"#d29356"
"🏅",127941,211,147,112,"#d39370"
"🥇",129351,176,149,125,"#b0957d"
"🥈",129352,154,167,223,"#9aa7df"
"🥉",129353,148,128,139,"#94808b"
"⚽",9917,137,155,219,"#899bdb"
"⚾",9918,214,182,204,"#d6b6cc"
"🥎",129358,168,180,80,"#a8b450"
"🏀",127936,216,102,67,"#d86643"
"🏐",127952,207,188,218,"#cfbcda"
"🏈",127944,146,108,112,"#926c70"
"🏉",127945,252,153,86,"#fc9956"
"🎾",127934,202,133,155,"#ca859b"
"🥏",129359,93,205,247,"#5dcdf7"
"🎳",127923,179,157,195,"#b39dc3"
"🏏",127951,225,158,161,"#e19ea1"
"🏑",127953,202,151,165,"#ca97a5"
"🏒",127954,213,149,170,"#d595aa"
"🥍",129357,139,152,194,"#8b98c2"
"🏓",127955,224,89,152,"#e05998"
"🏸",127992,126,149,202,"#7e95ca"
"🥊",129354,217,88,131,"#d95883"
"🥋",129355,184,177,199,"#b8b1c7"
"🥅",129349,218,124,176,"#da7cb0"
"⛳",9971,142,162,109,"#8ea26d"
"⛸",9976,0,0,0,"#000000"
"🎣",127907,124,153,176,"#7c99b0"
"🤿",129343,191,94,161,"#bf5ea1"
"🎽",127933,145,184,97,"#91b861"
"🎿",127935,152,149,177,"#9895b1"
"🛷",128759,243,138,125,"#f38a7d"
"🥌",129356,228,140,172,"#e48cac"
"🎯",127919,180,117,165,"#b475a5"
"🪀",129664,164,119,199,"#a477c7"
"🪁",129665,180,180,145,"#b4b491"
"🔫",128299,172,157,108,"#ac9d6c"
"🎱",127921,84,72,97,"#544861"
"🔮",128302,126,108,126,"#7e6c7e"
"🪄",129668,183,124,108,"#b77c6c"
"🎮",127918,97,71,148,"#614794"
"🕹",128377,0,0,0,"#000000"
"🎰",127920,162,143,170,"#a28faa"
"🎲",127922,197,187,205,"#c5bbcd"
"🧩",129513,180,218,138,"#b4da8a"
"🧸",129528,225,144,93,"#e1905d"
"🪅",129669,180,123,144,"#b47b90"
"🪩",129705,181,178,185,"#b5b2b9"
"🪆",129670,216,107,140,"#d86b8c"
"♠",9824,0,0,0,"#000000"
"♥",9829,0,0,0,"#000000"
"♦",9830,0,0,0,"#000000"
"♣",9827,0,0,0,"#000000"
"♟",9823,0,0,0,"#000000"
"🃏",127183,209,196,208,"#d1c4d0"
"🀄",126980,224,191,203,"#e0bfcb"
"🎴",127924,192,79,124,"#c04f7c"
"🎭",127917,157,173,172,"#9dadac"
"🖼",128444,0,0,0,"#000000"
"🧵",129525,143,141,158,"#8f8d9e"
"🪡",129697,130,159,211,"#829fd3"
"🧶",129526,58,120,202,"#3a78ca"
"🪢",129698,50,113,205,"#3271cd"
"👓",128083,95,160,210,"#5fa0d2"
"🕶",128374,0,0,0,"#000000"
"🥽",129405,84,168,228,"#54a8e4"
"🥼",129404,198,189,219,"#c6bddb"
"👔",128084,95,135,215,"#5f87d7"
"👕",128085,142,217,126,"#8ed97e"
"👖",128086,75,151,237,"#4b97ed"
"🧣",129507,230,36,88,"#e62458"
"🧤",129508,166,82,199,"#a652c7"
"🧥",129509,223,173,123,"#dfad7b"
"🧦",129510,143,160,191,"#8fa0bf"
"👗",128087,62,125,218,"#3e7dda"
"👘",128088,78,148,219,"#4e94db"
"🥻",129403,131,178,155,"#83b29b"
"🩱",129649,225,104,193,"#e168c1"
"🩲",129650,76,186,248,"#4cbaf8"
"🩳",129651,108,217,134,"#6cd986"
"👙",128089,234,72,123,"#ea487b"
"👚",128090,243,94,195,"#f35ec3"
"🪭",129709,192,48,83,"#c03053"
"👛",128091,242,78,107,"#f24e6b"
"👜",128092,162,118,113,"#a27671"
"👝",128093,239,153,166,"#ef99a6"
"🛍",128717,0,0,0,"#000000"
"🎒",127890,236,72,123,"#ec487b"
"🩴",129652,110,146,216,"#6e92d8"
"👞",128094,168,99,102,"#a86366"
"👟",128095,182,161,207,"#b6a1cf"
"🥾",129406,203,141,95,"#cb8d5f"
"🥿",129407,61,146,227,"#3d92e3"
"👠",128096,207,41,98,"#cf2962"
"👡",128097,225,115,120,"#e17378"
"🩰",129648,208,78,160,"#d04ea0"
"👢",128098,240,100,114,"#f06472"
"🪮",129710,130,90,157,"#825a9d"
"👑",128081,229,157,98,"#e59d62"
"👒",128082,224,126,106,"#e07e6a"
"🎩",127913,97,61,93,"#613d5d"
"🧢",129506,100,136,238,"#6488ee"
"🪖",129686,85,122,98,"#557a62"
"⛑",9937,0,0,0,"#000000"
"📿",128255,242,149,113,"#f29571"
"💄",128132,195,91,114,"#c35b72"
"💍",128141,169,174,220,"#a9aedc"
"💎",128142,62,160,229,"#3ea0e5"
"🔇",128263,212,172,190,"#d4acbe"
"🔈",128264,204,200,210,"#ccc8d2"
"🔉",128265,194,197,213,"#c2c5d5"
"🔊",128266,177,191,216,"#b1bfd8"
"📢",128226,209,104,147,"#d16893"
"📣",128227,229,154,85,"#e59a55"
"📯",128239,235,146,77,"#eb924d"
"🔔",128276,244,184,83,"#f4b853"
"🔕",128277,245,156,92,"#f59c5c"
"🎼",127932,173,162,184,"#ada2b8"
"🎵",127925,109,99,161,"#6d63a1"
"🎶",127926,107,97,159,"#6b619f"
"🎙",127897,0,0,0,"#000000"
"🎚",127898,0,0,0,"#000000"
"🎛",127899,0,0,0,"#000000"
"🎧",127911,189,185,193,"#bdb9c1"
"📻",128251,151,156,178,"#979cb2"
"🎷",127927,209,165,82,"#d1a552"
"🪗",129687,229,112,145,"#e57091"
"🎸",127928,201,108,152,"#c96c98"
"🎹",127929,149,137,162,"#9589a2"
"🎺",127930,209,155,75,"#d19b4b"
"🎻",127931,124,86,88,"#7c5658"
"🪕",129685,158,135,145,"#9e8791"
"🥁",129345,225,170,180,"#e1aab4"
"🪘",129688,189,129,94,"#bd815e"
"🪇",129671,179,165,113,"#b3a571"
"🪈",129672,225,135,100,"#e18764"
"📱",128241,109,92,134,"#6d5c86"
"📲",128242,106,103,147,"#6a6793"
"☎",9742,0,0,0,"#000000"
"📞",128222,217,59,123,"#d93b7b"
"📟",128223,91,142,128,"#5b8e80"
"📠",128224,126,116,145,"#7e7491"
"🔋",128267,185,224,154,"#b9e09a"
"🪫",129707,186,141,163,"#ba8da3"
"🔌",128268,84,69,83,"#544553"
"🖥",128421,0,0,0,"#000000"
"🖨",128424,0,0,0,"#000000"
"⌨",9000,0,0,0,"#000000"
"🖱",128433,0,0,0,"#000000"
"🖲",128434,0,0,0,"#000000"
"💽",128189,175,136,138,"#af888a"
"💾",128190,142,117,165,"#8e75a5"
"💿",128191,211,196,222,"#d3c4de"
"📀",128192,247,181,88,"#f7b558"
"🧮",129518,203,127,107,"#cb7f6b"
"🎥",127909,86,70,98,"#564662"
"🎞",127902,0,0,0,"#000000"
"📽",128253,0,0,0,"#000000"
"🎬",127916,134,120,178,"#8678b2"
"📺",128250,131,157,183,"#839db7"
"📷",128247,138,133,148,"#8a8594"
"📸",128248,145,138,143,"#918a8f"
"📹",128249,132,121,143,"#84798f"
"📼",128252,109,92,136,"#6d5c88"
"🔍",128269,103,149,192,"#6795c0"
"🔎",128270,103,149,192,"#6795c0"
"🕯",128367,0,0,0,"#000000"
"💡",128161,243,201,113,"#f3c971"
"🔦",128294,193,175,160,"#c1afa0"
"🏮",127982,207,96,80,"#cf6050"
"🪔",129684,220,126,79,"#dc7e4f"
"📔",128212,99,82,119,"#635277"
"📕",128213,210,59,102,"#d23b66"
"📖",128214,198,214,239,"#c6d6ef"
"📗",128215,131,204,115,"#83cc73"
"📘",128216,79,180,233,"#4fb4e9"
"📙",128217,217,91,66,"#d95b42"
"📚",128218,138,162,145,"#8aa291"
"📓",128211,101,84,120,"#655478"
"📒",128210,243,210,79,"#f3d24f"
"📃",128195,222,214,230,"#ded6e6"
"📜",128220,246,189,132,"#f6bd84"
"📄",128196,224,216,234,"#e0d8ea"
"📰",128240,205,197,213,"#cdc5d5"
"🗞",128478,0,0,0,"#000000"
"📑",128209,214,202,218,"#d6cada"
"🔖",128278,244,68,90,"#f4445a"
"🏷",127991,0,0,0,"#000000"
"💰",128176,219,149,73,"#db9549"
"🪙",129689,246,175,73,"#f6af49"
"💴",128180,219,159,84,"#db9f54"
"💵",128181,73,181,88,"#49b558"
"💶",128182,90,170,183,"#5aaab7"
"💷",128183,161,122,162,"#a17aa2"
"💸",128184,99,187,113,"#63bb71"
"💳",128179,98,168,199,"#62a8c7"
"🧾",129534,210,203,220,"#d2cbdc"
"💹",128185,102,206,148,"#66ce94"
"✉",9993,0,0,0,"#000000"
"📧",128231,191,194,229,"#bfc2e5"
"📨",128232,218,215,238,"#dad7ee"
"📩",128233,227,188,216,"#e3bcd8"
"📤",128228,150,146,193,"#9692c1"
"📥",128229,148,144,191,"#9490bf"
"📦",128230,196,146,113,"#c49271"
"📫",128235,89,131,225,"#5983e1"
"📪",128234,103,134,196,"#6786c4"
"📬",128236,126,144,188,"#7e90bc"
"📭",128237,93,101,161,"#5d65a1"
"📮",128238,215,85,129,"#d75581"
"🗳",128499,0,0,0,"#000000"
"✏",9999,0,0,0,"#000000"
"✒",10002,0,0,0,"#000000"
"🖋",128395,0,0,0,"#000000"
"🖊",128394,0,0,0,"#000000"
"🖌",128396,0,0,0,"#000000"
"🖍",128397,0,0,0,"#000000"
"📝",128221,219,187,191,"#dbbbbf"
"📁",128193,254,201,86,"#fec956"
"📂",128194,255,201,84,"#ffc954"
"🗂",128450,0,0,0,"#000000"
"📅",128197,168,187,233,"#a8bbe9"
"📆",128198,178,189,217,"#b2bdd9"
"🗒",128466,0,0,0,"#000000"
"🗓",128467,0,0,0,"#000000"
"📇",128199,167,161,198,"#a7a1c6"
"📈",128200,193,193,218,"#c1c1da"
"📉",128201,211,184,206,"#d3b8ce"
"📊",128202,171,180,191,"#abb4bf"
"📋",128203,214,189,188,"#d6bdbc"
"📌",128204,215,67,109,"#d7436d"
"📍",128205,225,77,126,"#e14d7e"
"📎",128206,144,140,144,"#908c90"
"🖇",128391,0,0,0,"#000000"
"📏",128207,191,186,203,"#bfbacb"
"📐",128208,187,182,198,"#bbb6c6"
"✂",9986,0,0,0,"#000000"
"🗃",128451,0,0,0,"#000000"
"🗄",128452,0,0,0,"#000000"
"🗑",128465,0,0,0,"#000000"
"🔒",128274,228,163,97,"#e4a361"
"🔓",128275,228,163,99,"#e4a363"
"🔏",128271,204,159,123,"#cc9f7b"
"🔐",128272,219,166,123,"#dba67b"
"🔑",128273,245,184,72,"#f5b848"
"🗝",128477,0,0,0,"#000000"
"🔨",128296,164,134,155,"#a4869b"
"🪓",129683,184,86,114,"#b85672"
"⛏",9935,0,0,0,"#000000"
"⚒",9874,0,0,0,"#000000"
"🛠",128736,0,0,0,"#000000"
"🗡",128481,0,0,0,"#000000"
"⚔",9876,0,0,0,"#000000"
"💣",128163,88,42,97,"#582a61"
"🪃",129667,223,132,92,"#df845c"
"🏹",127993,173,137,135,"#ad8987"
"🛡",128737,0,0,0,"#000000"
"🪚",129690,171,151,162,"#ab97a2"
"🪛",129691,228,89,143,"#e4598f"
"🔩",128297,156,148,165,"#9c94a5"
"⚙",9881,0,0,0,"#000000"
"🗜",128476,0,0,0,"#000000"
"🔗",128279,197,186,205,"#c5bacd"
"⛓",9939,0,0,0,"#000000"
"🪝",129693,253,190,66,"#fdbe42"
"🧰",129520,228,71,121,"#e44779"
"🧲",129522,229,89,130,"#e55982"
"🪜",129692,127,77,67,"#7f4d43"
"⚗",9879,0,0,0,"#000000"
"🧪",129514,177,227,166,"#b1e3a6"
"🧫",129515,159,207,233,"#9fcfe9"
"🧬",129516,149,112,181,"#9570b5"
"🔭",128301,130,115,171,"#8273ab"
"📡",128225,180,177,203,"#b4b1cb"
"💉",128137,161,183,227,"#a1b7e3"
"🩸",129656,243,55,118,"#f33776"
"💊",128138,236,101,101,"#ec6565"
"🩼",129660,148,136,176,"#9488b0"
"🩺",129658,80,91,184,"#505bb8"
"🩻",129659,96,107,141,"#606b8d"
"🚪",128682,204,136,97,"#cc8861"
"🛗",128727,116,170,241,"#74aaf1"
"🪞",129694,211,216,169,"#d3d8a9"
"🪟",129695,163,203,231,"#a3cbe7"
"🛏",128719,0,0,0,"#000000"
"🛋",128715,0,0,0,"#000000"
"🪑",129681,138,78,77,"#8a4e4d"
"🚽",128701,203,187,221,"#cbbbdd"
"🪠",129696,241,111,127,"#f16f7f"
"🚿",128703,164,175,207,"#a4afcf"
"🛁",128705,180,189,207,"#b4bdcf"
"🪤",129700,200,150,100,"#c89664"
"🪒",129682,87,148,221,"#5794dd"
"🧴",129524,241,187,196,"#f1bbc4"
"🧷",129527,201,191,214,"#c9bfd6"
"🧹",129529,200,118,91,"#c8765b"
"🧺",129530,205,146,91,"#cd925b"
"🧻",129531,210,205,211,"#d2cdd3"
"🪣",129699,78,158,223,"#4e9edf"
"🧼",129532,244,145,214,"#f491d6"
"🫧",129767,209,182,229,"#d1b6e5"
"🪥",129701,237,80,134,"#ed5086"
"🧽",129533,245,164,91,"#f5a45b"
"🧯",129519,204,90,128,"#cc5a80"
"🛒",128722,168,167,181,"#a8a7b5"
"🚬",128684,200,181,157,"#c8b59d"
"⚰",9904,0,0,0,"#000000"
"🪦",129702,172,183,175,"#acb7af"
"⚱",9905,0,0,0,"#000000"
"🧿",129535,111,144,217,"#6f90d9"
"🪬",129708,98,167,248,"#62a7f8"
"🗿",128511,159,156,164,"#9f9ca4"
"🪧",129703,210,189,191,"#d2bdbf"
"🪪",129706,92,174,214,"#5caed6"
"🏧",127975,97,164,240,"#61a4f0"
"🚮",128686,115,173,243,"#73adf3"
"🚰",128688,113,172,243,"#71acf3"
"♿",9855,108,170,243,"#6caaf3"
"🚹",128697,111,171,243,"#6fabf3"
"🚺",128698,154,119,225,"#9a77e1"
"🚻",128699,129,180,244,"#81b4f4"
"🚼",128700,115,173,243,"#73adf3"
"🚾",128702,104,168,242,"#68a8f2"
"🛂",128706,125,178,244,"#7db2f4"
"🛃",128707,123,177,244,"#7bb1f4"
"🛄",128708,131,181,244,"#83b5f4"
"🛅",128709,139,185,245,"#8bb9f5"
"⚠",9888,0,0,0,"#000000"
"🚸",128696,223,165,86,"#dfa556"
"⛔",9940,251,96,133,"#fb6085"
"🚫",128683,251,152,171,"#fb98ab"
"🚳",128691,237,139,157,"#ed8b9d"
"🚭",128685,240,142,160,"#f08ea0"
"🚯",128687,234,136,154,"#ea889a"
"🚱",128689,233,135,153,"#e98799"
"🚷",128695,235,137,155,"#eb899b"
"📵",128245,236,138,156,"#ec8a9c"
"🔞",128286,227,129,147,"#e38193"
"☢",9762,0,0,0,"#000000"
"☣",9763,0,0,0,"#000000"
"⬆",11014,0,0,0,"#000000"
"↗",8599,0,0,0,"#000000"
"➡",10145,0,0,0,"#000000"
"↘",8600,0,0,0,"#000000"
"⬇",11015,0,0,0,"#000000"
"↙",8601,0,0,0,"#000000"
"⬅",11013,0,0,0,"#000000"
"↖",8598,0,0,0,"#000000"
"↕",8597,0,0,0,"#000000"
"↔",8596,0,0,0,"#000000"
"↩",8617,0,0,0,"#000000"
"↪",8618,0,0,0,"#000000"
"⤴",10548,0,0,0,"#000000"
"⤵",10549,0,0,0,"#000000"
"🔃",128259,119,175,243,"#77aff3"
"🔄",128260,115,173,243,"#73adf3"
"🔙",128281,118,97,185,"#7661b9"
"🔚",128282,118,97,185,"#7661b9"
"🔛",128283,120,100,190,"#7864be"
"🔜",128284,118,98,185,"#7662b9"
"🔝",128285,121,101,188,"#7965bc"
"🛐",128720,151,116,224,"#9774e0"
"⚛",9883,0,0,0,"#000000"
"🕉",128329,0,0,0,"#000000"
"✡",10017,0,0,0,"#000000"
"☸",9784,0,0,0,"#000000"
"☯",9775,0,0,0,"#000000"
"✝",10013,0,0,0,"#000000"
"☦",9766,0,0,0,"#000000"
"☪",9770,0,0,0,"#000000"
"☮",9774,0,0,0,"#000000"
"🕎",128334,160,127,226,"#a07fe2"
"🔯",128303,155,120,225,"#9b78e1"
"🪯",129711,157,122,225,"#9d7ae1"
"♈",9800,151,116,224,"#9774e0"
"♉",9801,152,117,224,"#9875e0"
"♊",9802,155,120,225,"#9b78e1"
"♋",9803,161,128,227,"#a180e3"
"♌",9804,155,121,225,"#9b79e1"
"♍",9805,160,127,226,"#a07fe2"
"♎",9806,154,119,225,"#9a77e1"
"♏",9807,157,123,226,"#9d7be2"
"♐",9808,150,114,224,"#9672e0"
"♑",9809,156,121,225,"#9c79e1"
"♒",9810,152,116,224,"#9874e0"
"♓",9811,152,117,224,"#9875e0"
"⛎",9934,154,118,225,"#9a76e1"
"🔀",128256,112,172,243,"#70acf3"
"🔁",128257,115,173,243,"#73adf3"
"🔂",128258,115,173,243,"#73adf3"
"▶",9654,0,0,0,"#000000"
"⏩",9193,116,174,243,"#74aef3"
"⏭",9197,0,0,0,"#000000"
"⏯",9199,0,0,0,"#000000"
"◀",9664,0,0,0,"#000000"
"⏪",9194,116,174,243,"#74aef3"
"⏮",9198,0,0,0,"#000000"
"🔼",128316,111,171,243,"#6fabf3"
"⏫",9195,116,174,243,"#74aef3"
"🔽",128317,110,171,242,"#6eabf2"
"⏬",9196,116,173,243,"#74adf3"
"⏸",9208,0,0,0,"#000000"
"⏹",9209,0,0,0,"#000000"
"⏺",9210,0,0,0,"#000000"
"⏏",9167,0,0,0,"#000000"
"🎦",127910,129,180,244,"#81b4f4"
"🔅",128261,255,149,88,"#ff9558"
"🔆",128262,249,178,82,"#f9b252"
"📶",128246,134,183,245,"#86b7f5"
"🛜",128732,115,173,243,"#73adf3"
"📳",128243,254,164,107,"#fea46b"
"📴",128244,254,163,105,"#fea369"
"⚧",9895,0,0,0,"#000000"
"✖",10006,0,0,0,"#000000"
"➕",10133,122,98,191,"#7a62bf"
"➖",10134,125,96,197,"#7d60c5"
"➗",10135,118,93,191,"#765dbf"
"🟰",129008,125,95,197,"#7d5fc5"
"♾",9854,0,0,0,"#000000"
"‼",8252,0,0,0,"#000000"
"⁉",8265,0,0,0,"#000000"
"❓",10067,238,63,99,"#ee3f63"
"❔",10068,217,210,230,"#d9d2e6"
"❕",10069,218,209,233,"#dad1e9"
"❗",10071,245,51,100,"#f53364"
"〰",12336,0,0,0,"#000000"
"💱",128177,98,147,209,"#6293d1"
"💲",128178,80,198,134,"#50c686"
"♻",9851,0,0,0,"#000000"
"⚜",9884,0,0,0,"#000000"
"🔱",128305,255,185,79,"#ffb94f"
"📛",128219,246,101,136,"#f66588"
"🔰",128304,171,201,98,"#abc962"
"⭕",11093,236,68,103,"#ec4467"
"✅",9989,100,206,147,"#64ce93"
"☑",9745,0,0,0,"#000000"
"✔",10004,0,0,0,"#000000"
"❌",10060,246,78,120,"#f64e78"
"❎",10062,103,206,149,"#67ce95"
"➰",10160,119,94,188,"#775ebc"
"➿",10175,117,92,186,"#755cba"
"〽",12349,0,0,0,"#000000"
"✳",10035,0,0,0,"#000000"
"✴",10036,0,0,0,"#000000"
"❇",10055,0,0,0,"#000000"
"©",169,0,0,0,"#000000"
"®",174,0,0,0,"#000000"
"™",8482,0,0,0,"#000000"
"⃣",8419,0,0,0,"#000000"
"🔟",128287,124,177,243,"#7cb1f3"
"🔠",128288,118,174,243,"#76aef3"
"🔡",128289,114,172,243,"#72acf3"
"🔢",128290,109,170,243,"#6daaf3"
"🔣",128291,116,174,243,"#74aef3"
"🔤",128292,104,168,242,"#68a8f2"
"🅰",127344,0,0,0,"#000000"
"🆎",127374,249,113,156,"#f9719c"
"🅱",127345,0,0,0,"#000000"
"🆑",127377,249,98,145,"#f96291"
"🆒",127378,101,167,242,"#65a7f2"
"🆓",127379,106,169,243,"#6aa9f3"
"ℹ",8505,0,0,0,"#000000"
"🆔",127380,158,124,226,"#9e7ce2"
"Ⓜ",9410,0,0,0,"#000000"
"🆕",127381,104,168,242,"#68a8f2"
"🆖",127382,121,176,243,"#79b0f3"
"🅾",127358,0,0,0,"#000000"
"🆗",127383,119,178,243,"#77b2f3"
"🅿",127359,0,0,0,"#000000"
"🆘",127384,249,100,146,"#f96492"
"🆙",127385,109,170,243,"#6daaf3"
"🆚",127386,255,159,97,"#ff9f61"
"🈁",127489,112,171,243,"#70abf3"
"🈂",127490,0,0,0,"#000000"
"🈷",127543,0,0,0,"#000000"
"🈶",127542,254,169,117,"#fea975"
"🈯",127535,129,211,167,"#81d3a7"
"🉐",127568,250,126,158,"#fa7e9e"
"🈹",127545,249,125,165,"#f97da5"
"🈚",127514,254,172,123,"#feac7b"
"🈲",127538,249,113,156,"#f9719c"
"🉑",127569,254,168,113,"#fea871"
"🈸",127544,254,166,111,"#fea66f"
"🈴",127540,249,106,151,"#f96a97"
"🈳",127539,120,176,243,"#78b0f3"
"㊗",12951,0,0,0,"#000000"
"㊙",12953,0,0,0,"#000000"
"🈺",127546,254,171,121,"#feab79"
"🈵",127541,249,120,161,"#f978a1"
"🔴",128308,222,72,94,"#de485e"
"🟠",128992,249,130,84,"#f98254"
"🟡",128993,231,186,84,"#e7ba54"
"🟢",128994,96,210,150,"#60d296"
"🔵",128309,78,130,209,"#4e82d1"
"🟣",128995,133,104,191,"#8568bf"
"🟤",128996,135,90,92,"#875a5c"
"⚫",9899,77,69,85,"#4d4555"
"⚪",9898,217,204,228,"#d9cce4"
"🟥",128997,214,62,102,"#d63e66"
"🟧",128999,248,106,66,"#f86a42"
"🟨",129000,255,169,77,"#ffa94d"
"🟩",129001,74,192,135,"#4ac087"
"🟦",128998,65,127,212,"#417fd4"
"🟪",129002,136,96,220,"#8860dc"
"🟫",129003,129,83,88,"#815358"
"⬜",11036,215,197,231,"#d7c5e7"
"◼",9724,0,0,0,"#000000"
"◻",9723,0,0,0,"#000000"
"◾",9726,68,63,73,"#443f49"
"◽",9725,212,192,229,"#d4c0e5"
"▪",9642,0,0,0,"#000000"
"▫",9643,0,0,0,"#000000"
"🔶",128310,241,109,76,"#f16d4c"
"🔷",128311,64,134,220,"#4086dc"
"🔸",128312,241,109,77,"#f16d4d"
"🔹",128313,64,134,220,"#4086dc"
"🔺",128314,217,60,118,"#d93c76"
"🔻",128315,215,56,108,"#d7386c"
"💠",128160,86,179,255,"#56b3ff"
"🔘",128280,146,141,151,"#928d97"
"🔳",128307,123,108,139,"#7b6c8b"
"🔲",128306,155,140,172,"#9b8cac"
"🏁",127937,147,140,154,"#938c9a"
"🚩",128681,239,96,120,"#ef6078"
"🎌",127884,208,183,201,"#d0b7c9"
"🏴",127988,71,46,87,"#472e57"
"🏳",127987,0,0,0,"#000000"
"🇦",127462,0,0,0,"#000000"
"🇨",127464,0,0,0,"#000000"
"🇩",127465,0,0,0,"#000000"
"🇪",127466,0,0,0,"#000000"
"🇫",127467,0,0,0,"#000000"
"🇬",127468,0,0,0,"#000000"
"🇮",127470,0,0,0,"#000000"
"🇱",127473,0,0,0,"#000000"
"🇲",127474,0,0,0,"#000000"
"🇴",127476,0,0,0,"#000000"
"🇶",127478,0,0,0,"#000000"
"🇷",127479,0,0,0,"#000000"
"🇸",127480,0,0,0,"#000000"
"🇹",127481,0,0,0,"#000000"
"🇺",127482,0,0,0,"#000000"
"🇼",127484,0,0,0,"#000000"
"🇽",127485,0,0,0,"#000000"
"🇿",127487,0,0,0,"#000000"
"🇧",127463,0,0,0,"#000000"
"🇭",127469,0,0,0,"#000000"
"🇯",127471,0,0,0,"#000000"
"🇳",127475,0,0,0,"#000000"
"🇻",127483,0,0,0,"#000000"
"🇾",127486,0,0,0,"#000000"
"🇰",127472,0,0,0,"#000000"
"🇵",127477,0,0,0,"#000000"